time, pos, colour
0,0,1
1,-0.004120380474525379,1
2,-0.026013902944879205,1
3,-0.01810726196716201,1
4,0.019095530508891213,1
5,0.07078863376439601,1
6,0.036211151559410716,1
7,0.04078190039459306,1
8,0.02652780217649683,1
9,0.06336632760352501,1
10,0.03045490521994157,1
11,0.06938801361896058,1
12,0.04676311959168366,1
13,0.029704821931316412,1
14,0.05358615513993717,1
15,0.046735995704160684,1
16,0.08834201002020822,1
17,0.10170128312484132,1
18,0.13557422863202553,1
19,0.19561134716373668,1
20,0.19460678623425676,-5
21,0.11484160550907672,-5
22,0.09176187278746976,-5
23,-0.0010431046720257645,1
24,-0.024107480934878404,1
25,-0.005283383801450216,1
26,0.0389467204288598,1
27,0.08101343223239064,1
28,0.12469338010326998,1
29,0.14951643732325384,1
30,0.13560872758394935,1
31,0.10645792946661273,1
32,0.10112069876991807,1
33,0.0944659243558379,1
34,0.1304544179648729,1
35,0.14674702756204838,1
36,0.08774083541517436,1
37,0.12286887677944018,1
38,0.21795075366008504,1
39,0.16398655960346464,1
40,0.2633668360808827,1
41,0.21885679251625148,1
42,0.1462936607039207,1
43,0.19536485773530682,1
44,0.180820420057554,1
45,0.1704898494418795,1
46,0.14443005318597346,1
47,0.1404042818866766,1
48,0.1111364043496011,1
49,0.04791637436737112,1
50,0.0032403081971352134,1
51,0.028313585438908606,1
52,0.12201810060957399,1
53,0.14771920174892086,1
54,0.12869182201028373,1
55,0.18894815532477058,1
56,0.2490312869181741,1
57,0.29461225558628334,1
58,0.2634804877791125,1
59,0.31974787242733005,1
60,0.3389095129573765,1
61,0.40975550865740745,1
62,0.3351755630314778,1
63,0.4338473295864001,1
64,0.42187433387288653,1
65,0.3573297857156688,1
66,0.4082789622781003,1
67,0.3718629534595919,1
68,0.3526535896759952,1
69,0.3504120803738124,1
70,0.3542754910517604,1
71,0.44906902159601453,1
72,0.4394504600220246,1
73,0.5072624403221051,1
74,0.48108744748175714,1
75,0.4271007859553922,1
76,0.41191978549559,1
77,0.40833645013920555,1
78,0.3939037649988338,1
79,0.44354972094248557,1
80,0.4431898104673747,1
81,0.41713721553125116,1
82,0.4585119632461306,1
83,0.43910598326965783,1
84,0.4542695744319175,1
85,0.4306712896196081,1
86,0.4399404236666028,1
87,0.49397692009087674,1
88,0.4943670896066028,1
89,0.45509467545957916,1
90,0.4722162862645056,1
91,0.5065201664312208,1
92,0.5802661258283615,1
93,0.5234608967457631,1
94,0.49906719707475905,1
95,0.5605167424607727,1
96,0.5537807136764937,1
97,0.5717374584390271,1
98,0.5808958645841026,1
99,0.6168353648040106,1
100,0.6271355160552359,1
101,0.6123109774904856,1
102,0.6376259228039977,1
103,0.6643256837380513,1
104,0.6890021650413758,1
105,0.6943525220601052,1
106,0.6872100364923899,1
107,0.6411613390019778,1
108,0.7116595640126553,1
109,0.706625527340146,1
110,0.7456108162702306,1
111,0.7494401403935051,1
112,0.756674818389809,1
113,0.7898806860754252,1
114,0.7543815282824479,1
115,0.8362018645770808,1
116,0.9100732346004006,1
117,0.9152905833352799,1
118,0.9617997792684816,1
119,0.9801197212546001,1
120,1.0309754554244206,1
121,1.0760354970811523,1
122,1.105357029771495,1
123,1.102704038121265,1
124,1.0633588271549255,1
125,1.0699073068301403,1
126,1.1041720135317705,1
127,1.0524560628792174,1
128,1.0553649694128138,1
129,1.0778503577653746,1
130,1.1117571144633396,1
131,1.1721727581161678,1
132,1.1892724431763104,1
133,1.1983976631643851,1
134,1.1956865643222279,1
135,1.1544981018961737,1
136,1.2129995954124462,1
137,1.2335423231323703,1
138,1.2135447801023818,1
139,1.2968520934122723,1
140,1.282573576493757,1
141,1.3069435477362346,1
142,1.3791501815160538,1
143,1.3330648498549122,1
144,1.3167835867797646,1
145,1.3713037124150502,1
146,1.3534519246321548,1
147,1.345266030774102,1
148,1.2915707349107572,1
149,1.2666283760783474,1
150,1.319602936738801,1
151,1.3519968180936852,1
152,1.3104596038225698,1
153,1.326975993549196,1
154,1.313298567372078,1
155,1.315055247458667,1
156,1.3830502901067219,1
157,1.3511669222301608,1
158,1.3673982922251715,1
159,1.3017400919016915,1
160,1.2843924751605278,-5
161,1.2837414090262396,-5
162,1.2161620967927178,-5
163,1.191613653336775,-5
164,1.135228453791052,-5
165,1.091763507890268,-5
166,1.0256742576568714,-5
167,1.0060341634965122,-5
168,0.9947005329953826,-5
169,0.8336968383560528,-5
170,0.7496544315031453,-5
171,0.7369233744115558,-5
172,0.6496852763447138,-5
173,0.6352675521784382,-5
174,0.6779490454502928,-5
175,0.5706289897490033,-5
176,0.5029530618431461,-5
177,0.4294551458396502,-5
178,0.4229958896451497,-5
179,0.3469418264691141,-5
180,0.2892013112282175,-5
181,0.2298506168429002,-5
182,0.19134077028140273,-5
183,0.11622340103352873,-5
184,0.1071607013127116,-5
185,0.08459932261358917,-5
186,-0.0058859608810696365,-5
187,-0.025087041953138458,-5
188,-0.06105600269699356,-5
189,-0.14344443149078684,-5
190,-0.19590580557318,-5
191,-0.27523155187421716,-5
192,-0.26343199971519127,-5
193,-0.3756432573969338,-5
194,-0.3239736792216061,-5
195,-0.2895632098543323,-5
196,-0.3329595965710699,-5
197,-0.3767865878458186,-5
198,-0.4166407420779258,-5
199,-0.5139892220238199,-5
200,-0.6069717027897298,-5
201,-0.6519561209865602,-5
202,-0.7323363456819176,-5
203,-0.8300670861839714,-5
204,-0.9110194858987024,-5
205,-0.9729193137665836,-5
206,-1.0063091499116505,-5
207,-1.0755476374703783,-5
208,-1.0960633371577653,1
209,-1.1489365206352693,1
210,-1.1415712448885817,1
211,-1.1404281977680994,1
212,-1.1129759807343809,1
213,-1.1124797595597347,1
214,-1.0788564003354129,1
215,-0.9839251007021935,1
216,-1.0385092981747635,1
217,-0.9424716341615456,1
218,-0.8917738938770631,1
219,-0.9342117803123827,1
220,-0.8757726392205766,1
221,-0.8353120087185535,1
222,-0.7850205359708498,1
223,-0.7523050330937701,1
224,-0.6833781027902851,1
225,-0.694637781592747,1
226,-0.6358411713155535,1
227,-0.6180920213331492,1
228,-0.5926878652222848,1
229,-0.6263626832275798,1
230,-0.6123578813956666,1
231,-0.5556116099745074,1
232,-0.5006735029672518,1
233,-0.49998835102712913,1
234,-0.47179931796876773,1
235,-0.42207970219305774,1
236,-0.3115679898012617,1
237,-0.27256982575790467,1
238,-0.2769554225459763,1
239,-0.1897561678071492,1
240,-0.1809827074842343,1
241,-0.15283181361459405,1
242,-0.10548052917334415,1
243,-0.016691330786215625,1
244,0.034625979629011976,1
245,0.11127795505452774,1
246,0.12106934934567835,1
247,0.07821535704851826,1
248,0.07112698123472207,1
249,0.08059058773708666,1
250,0.09763952203812365,1
251,0.13290027378401545,1
252,0.1742139179588264,1
253,0.19780724734502791,1
254,0.1800661709764804,1
255,0.1620321575225585,1
256,0.19259437355294737,1
257,0.2609253729913119,1
258,0.23499187078882486,1
259,0.17075118918272175,1
260,0.14931237015301108,1
261,0.07253990703068375,1
262,0.15669564806713254,1
263,0.17393310233542322,1
264,0.23663985119379882,1
265,0.16842007500775985,1
266,0.23134458861987056,1
267,0.2725044584384652,1
268,0.24295780263854327,1
269,0.2560867407679176,1
270,0.2839005234747852,1
271,0.3061496556193995,1
272,0.30810874566085894,1
273,0.2808461835488416,1
274,0.2649078888237374,1
275,0.28032982678803214,1
276,0.23848575247691378,1
277,0.23253574323969925,1
278,0.21733969508454945,1
279,0.21515061882876466,1
280,0.21177133518353838,1
281,0.22158749739373002,1
282,0.2332324591354762,1
283,0.19425992805299974,1
284,0.19042669968604828,1
285,0.2596358452498245,1
286,0.35327569978439977,1
287,0.3367630630352042,1
288,0.3362705433576974,1
289,0.27527069026285456,1
290,0.3141358133203414,1
291,0.34206314379410074,1
292,0.3153161712907199,1
293,0.2363431656813719,1
294,0.31367389131502277,1
295,0.2694602950354706,1
296,0.22907983563351628,1
297,0.30341307331002537,1
298,0.3724135136202869,1
299,0.432942631393118,1
300,0.5040907004471783,1
301,0.5149841619308363,1
302,0.5794963747955822,1
303,0.6387135799659693,1
304,0.6551538778698655,1
305,0.6667288037524738,1
306,0.8166591188550415,1
307,0.7959302631451237,1
308,0.7661158085363818,1
309,0.835632765828115,1
310,0.8247029582786636,1
311,0.8505692715769099,1
312,0.8866286974300189,1
313,0.928213625660018,1
314,0.9488781207991546,1
315,0.9994172099768043,1
316,0.980314837268029,1
317,1.0229893184340986,1
318,1.0514299790844603,1
319,1.0803940063392092,1
320,1.0215549098500056,1
321,1.0104096774382796,1
322,1.0725327028006508,1
323,1.0249752710184679,1
324,1.036954019279255,1
325,1.0244475484942508,1
326,1.0746865003969814,1
327,1.0939720506764914,1
328,1.1465054337226472,1
329,1.0939521421974376,1
330,1.1783134994972555,1
331,1.1908518660694791,1
332,1.1325390463269132,1
333,1.0663554030832554,1
334,0.9787018532220659,1
335,0.9729552918955218,1
336,0.9530113067683578,1
337,1.0086660097832536,1
338,1.1026830530992686,1
339,1.1628075438599026,1
340,1.1705318410672203,1
341,1.2864694080859393,1
342,1.208656742584345,1
343,1.2590752151218962,1
344,1.3392916784713993,1
345,1.2892856229401684,1
346,1.3189716524755601,1
347,1.3500453800325949,1
348,1.3975554639447851,1
349,1.4340441727646038,1
350,1.4048404224424087,1
351,1.430707236611539,1
352,1.4658358282604418,1
353,1.460547371141346,1
354,1.4790435469537495,1
355,1.5255776240617582,1
356,1.6160572266104904,1
357,1.5171881056077814,1
358,1.5069583947628795,1
359,1.4675158193755262,1
360,1.4772791210464706,1
361,1.5426815373486196,1
362,1.5496872401592598,1
363,1.5986263383875279,1
364,1.6805712067316279,1
365,1.715754193679496,1
366,1.6436370668709308,1
367,1.664048640444584,1
368,1.6344893084022205,1
369,1.620011823258477,1
370,1.6165101419923027,1
371,1.6439477823621804,1
372,1.594181365412865,1
373,1.643921258126902,1
374,1.595116818356134,1
375,1.5870401648066461,1
376,1.713372633511635,1
377,1.7394875612423586,1
378,1.6504647902888692,-5
379,1.5986891621533743,-5
380,1.545894347296905,-5
381,1.5019174027238125,-5
382,1.4842995679513864,-5
383,1.4202360086678245,-5
384,1.4276882892870155,-5
385,1.4591369450766831,-5
386,1.4913083107421279,-5
387,1.4748287990710924,-5
388,1.3491554065235114,-5
389,1.233620025377831,-5
390,1.1264932996347152,-5
391,1.1079954200996724,-5
392,1.0765774140680755,-5
393,1.0241409003902004,-5
394,0.9875970949673389,-5
395,0.8415877435964325,-5
396,0.8254780515276168,-5
397,0.7225185458348965,-5
398,0.600926795000797,-5
399,0.5293907234276346,-5
400,0.5430038046049206,-5
401,0.4459225347141862,-5
402,0.4195293495217318,-5
403,0.37190151214133577,-5
404,0.34185026805925883,-5
405,0.2761731830822589,-5
406,0.20855181073265744,-5
407,0.15440294312211192,1
408,0.14270849202152727,1
409,0.20805472301959388,1
410,0.16242519747576228,1
411,0.1973343489481414,1
412,0.20714179077707223,1
413,0.21712795658237014,1
414,0.20039367571294314,1
415,0.2641015425586017,1
416,0.26803852238845427,1
417,0.2230314662857415,1
418,0.2499301673138677,1
419,0.3511068389539964,1
420,0.38703662202268674,1
421,0.4414898858208236,1
422,0.4589346151100641,1
423,0.5310900793822225,1
424,0.5410026361476228,1
425,0.5784638840351841,1
426,0.5879507368060961,1
427,0.6569937881854786,1
428,0.6494572812220366,1
429,0.6976233742597197,1
430,0.6835657983264908,1
431,0.6967784533904832,1
432,0.6891649835904416,1
433,0.678118195568545,1
434,0.7528722913990189,1
435,0.7324277466221037,1
436,0.6485090448010012,1
437,0.5472770307318838,1
438,0.5375504407346724,1
439,0.6721725244443325,1
440,0.7776645584943458,1
441,0.7458358396949607,1
442,0.7712235009741072,1
443,0.8148836616472672,1
444,0.8555487177973056,1
445,0.8383192710010604,1
446,0.7804429210250138,1
447,0.7319476472530355,1
448,0.6712221070681658,1
449,0.7447863254579408,1
450,0.6929083711940811,1
451,0.6658549846757771,1
452,0.6988692500578646,1
453,0.6679026096514619,1
454,0.71426850619916,1
455,0.7421848827951517,1
456,0.7206713274263025,1
457,0.7372336285401221,1
458,0.6949367170357671,1
459,0.681610306976272,1
460,0.6861154197156805,1
461,0.6618914819993253,1
462,0.6435347902752321,1
463,0.6462796198462417,1
464,0.6824765264110206,1
465,0.7644707719762875,1
466,0.8095385065119765,1
467,0.772389612323483,1
468,0.733567980894581,1
469,0.6722999722542958,1
470,0.7232405982978227,1
471,0.6921652021232159,1
472,0.7014159649945135,1
473,0.7096429993422858,-5
474,0.6876375305289205,-5
475,0.6006812946150435,-5
476,0.558827190372223,-5
477,0.44429161137182155,-5
478,0.38089836177332714,-5
479,0.3052605644667442,-5
480,0.26193473071181406,-5
481,0.2341620263748136,-5
482,0.18823173747582286,-5
483,0.08511945249559673,-5
484,-0.054650775305389074,-5
485,-0.13837249241175298,-5
486,-0.11235235679025822,-5
487,-0.14499350255189059,-5
488,-0.1872899487984569,-5
489,-0.2245188916424816,-5
490,-0.30584135972077947,-5
491,-0.3913963880205267,-5
492,-0.40589670347375606,-5
493,-0.5101153110809351,-5
494,-0.6103602265838549,-5
495,-0.6108313278961304,-5
496,-0.6208817045037268,-5
497,-0.6328762347975798,1
498,-0.5753235858806849,1
499,-0.5249962155564979,-5
500,-0.5141613838065118,-5
501,-0.5068876054376775,-5
502,-0.5890065545345673,-5
503,-0.6723002521452401,-5
504,-0.764884641088648,-5
505,-0.8420744125697656,-5
506,-0.8521733169021697,-5
507,-0.9569601146342669,-5
508,-1.0216106519957129,-5
509,-1.0737559100742053,-5
510,-1.1581593639200174,-5
511,-1.2475157439041238,-5
512,-1.2992896402705525,-5
513,-1.3776383525506037,-5
514,-1.3578763937487754,-5
515,-1.2758119140865973,-5
516,-1.2773988959321982,-5
517,-1.3637193723479366,-5
518,-1.4636740096080312,-5
519,-1.535053080581378,-5
520,-1.539903660548351,-5
521,-1.597719178991614,-5
522,-1.649546284432124,1
523,-1.5728214906578744,1
524,-1.5484937331495272,1
525,-1.5525618665479608,1
526,-1.511147289612653,1
527,-1.4772246082986615,1
528,-1.4788466906507538,1
529,-1.5040219863630595,1
530,-1.459987756601216,1
531,-1.4252761452140454,1
532,-1.3398589032080899,1
533,-1.347195342056498,1
534,-1.280406964040826,1
535,-1.2777671797860346,1
536,-1.2339744333825093,1
537,-1.1843168300903542,1
538,-1.1600253093863657,1
539,-1.081324986709049,1
540,-1.0464640538091756,1
541,-1.0790024015488122,1
542,-1.0417269608448076,1
543,-0.9824206388570824,1
544,-0.9740687552069889,1
545,-0.9446370862083767,1
546,-0.9072683536488334,1
547,-0.974091438274874,1
548,-0.9592358937192873,1
549,-0.8340934508834301,1
550,-0.8406267432407774,1
551,-0.8247370775592558,1
552,-0.7705257936127193,1
553,-0.7877459303813865,1
554,-0.8008782614263463,1
555,-0.7294359701835521,1
556,-0.7675397211914889,1
557,-0.7306359079519833,1
558,-0.686766450861634,1
559,-0.6942523925066322,1
560,-0.6398084306213213,1
561,-0.6945054216842914,1
562,-0.6160366978916784,1
563,-0.6327537237619981,1
564,-0.6464751841781364,1
565,-0.6385443971620367,1
566,-0.5617035207670733,1
567,-0.5675221562211927,1
568,-0.48559025764949965,1
569,-0.37304963060005547,1
570,-0.39379001431177313,1
571,-0.30275285603136715,1
572,-0.34554247757710044,1
573,-0.3293043264798933,1
574,-0.3402463774477027,1
575,-0.32066728941284106,1
576,-0.29672147762625717,1
577,-0.3216710353061031,1
578,-0.3719340601273687,1
579,-0.3811681840218719,1
580,-0.37492024791932166,1
581,-0.28949985976111636,1
582,-0.2642239323837508,1
583,-0.27389734042934927,1
584,-0.19719322370284986,1
585,-0.19753938124480114,1
586,-0.24178652889007995,1
587,-0.20949540833413166,1
588,-0.12792038545958004,1
589,-0.14546266787395523,1
590,-0.11772619419479381,1
591,-0.11460848813679175,1
592,-0.10096718836839687,1
593,0.03650041643693441,1
594,-0.04773894191965262,1
595,-0.032786822614058755,1
596,0.008307306531455222,1
597,0.044239343692114755,1
598,0.027483301887837836,1
599,0.05893461859577895,1
600,0.057890287046087806,1
601,0.07792605649254297,1
602,0.21226244542591222,1
603,0.2665818490307655,1
604,0.27124624743432435,1
605,0.23931462400584852,1
606,0.2509950056572577,1
607,0.36105061992228926,1
608,0.3773284625140266,1
609,0.3643136593819166,1
610,0.33090831613911886,1
611,0.3665212272837843,1
612,0.33035136439646534,1
613,0.3837217382689233,1
614,0.3737317464975415,1
615,0.389813897228567,1
616,0.3617602059031344,1
617,0.39548490777900863,1
618,0.4608253256372306,1
619,0.41420300272346405,1
620,0.44962897536612656,1
621,0.3674085957591581,1
622,0.40434961532123664,1
623,0.45519534194914635,1
624,0.527296527049025,1
625,0.5678063863459879,1
626,0.5455794693886657,1
627,0.6262757997467815,1
628,0.619980959611076,1
629,0.6604435857507212,1
630,0.669941787319685,1
631,0.6649194655711167,1
632,0.6734223614295183,1
633,0.6824544003657195,1
634,0.6759884186911607,1
635,0.692274244805964,1
636,0.7339370936662514,1
637,0.7909705751406774,1
638,0.8012752032380771,1
639,0.8194456967464445,1
640,0.8662032185177218,1
641,0.9128030388058269,1
642,0.858943058742307,1
643,0.8860908782253852,1
644,0.9391972485656647,1
645,0.9179014667219034,1
646,0.8732937526522921,1
647,0.8564628941770157,1
648,0.8856302706627316,1
649,0.9794730951251114,1
650,1.0609412949885715,1
651,1.0582269480299538,1
652,1.090247508672797,1
653,1.0496833192719908,1
654,1.0915362578508223,1
655,1.0597569125230804,1
656,1.00176118016119,1
657,0.9997395129424206,1
658,1.1622019753977826,1
659,1.1157979145054322,1
660,1.1617353405951443,1
661,1.2187426681704985,1
662,1.2322998086082237,1
663,1.2493984035903878,1
664,1.1946502663187892,1
665,1.1009432802842576,1
666,1.1487593008393215,1
667,1.1501822709219585,1
668,1.2465603884302987,1
669,1.2121302979329542,1
670,1.2105434702714069,1
671,1.1845170523604287,1
672,1.1979753520423198,1
673,1.2464737436899005,1
674,1.2113872476757401,1
675,1.2408342524268225,1
676,1.2265752735866342,1
677,1.2166553267910099,1
678,1.1429035274238672,1
679,1.080286159774044,1
680,1.1030196069650584,1
681,1.1228357098700843,1
682,1.0897075616930978,1
683,1.1149707365074717,1
684,1.0673174070996696,1
685,1.1029103969032532,1
686,1.0085832310587004,1
687,1.0809713967794585,1
688,1.0637945889605431,1
689,1.0771347237823556,1
690,1.0491879165924654,1
691,1.088753980392374,1
692,1.0965046586542737,1
693,1.0682797504538715,1
694,1.102164880848198,1
695,1.0895743388612438,1
696,1.0802346420013178,1
697,1.052345750970027,1
698,1.0390331352527131,-5
699,1.0144469754973873,-5
700,0.9237015858526729,-5
701,0.9207207826282966,-5
702,0.8739055382916475,-5
703,0.8253651921764092,-5
704,0.7480264763591411,-5
705,0.713078831561054,-5
706,0.7183114217752756,-5
707,0.7545785844027532,-5
708,0.6337694326605579,-5
709,0.5467100802268114,-5
710,0.4360453508578526,-5
711,0.5079576803038371,-5
712,0.4219211412286146,-5
713,0.33580553471562263,-5
714,0.3691340588815435,-5
715,0.3816023304488679,-5
716,0.32066440547684233,-5
717,0.31636081638433566,-5
718,0.31563661710892577,-5
719,0.26807398796570414,-5
720,0.2652983699877355,-5
721,0.24549190234545726,-5
722,0.2080178786884808,1
723,0.2750477988390597,1
724,0.34890981454518527,1
725,0.3886491664083514,1
726,0.38876937019215235,1
727,0.3100082966504072,1
728,0.34010839281782196,1
729,0.4135275703183564,1
730,0.39414427219296744,1
731,0.345723192005492,1
732,0.2734620196166826,1
733,0.2741231961117979,1
734,0.3030824324124727,1
735,0.43897494615203364,1
736,0.4743860455897771,1
737,0.41682291960412265,1
738,0.4137289750539054,1
739,0.44210126245234327,1
740,0.47101846689818583,1
741,0.49967091953063636,1
742,0.6188660564419534,1
743,0.6604357606203104,1
744,0.700434839104324,1
745,0.7931219879494132,1
746,0.7607618230862513,1
747,0.7698357457192799,1
748,0.7859233349260663,1
749,0.8010053313924272,1
750,0.8119565180785615,1
751,0.8173782212451549,1
752,0.8647595120378971,1
753,0.8473804414897829,1
754,0.8468968466925486,1
755,0.8891488345883366,1
756,0.9498402040609216,1
757,0.8617336744564918,1
758,0.8527960384992287,1
759,0.899708197941392,1
760,0.9061986568424353,1
761,0.9156505925671752,1
762,0.9369407121412338,1
763,0.97701269081293,1
764,0.9813626555031341,1
765,1.003046554034169,1
766,1.0131535994727086,1
767,1.105225607394605,1
768,1.1169626983665362,1
769,1.1211872324227572,1
770,1.0480812426377235,1
771,1.0724033684754708,1
772,1.121872210333497,1
773,1.232056734180554,1
774,1.2944344703930877,1
775,1.3844557271808104,1
776,1.3818192289018392,1
777,1.3014711265493242,1
778,1.3087400372379352,1
779,1.3405143985697006,1
780,1.3696047298218843,1
781,1.4286458807504439,1
782,1.458144184533992,1
783,1.5002306868179187,1
784,1.569779598651732,1
785,1.5770208150036238,1
786,1.5446797593080752,1
787,1.5864145054392411,1
788,1.6440806899140008,1
789,1.6382536772344465,1
790,1.5678609766638885,1
791,1.5031198320114874,1
792,1.4565996100040712,1
793,1.4982227371131365,1
794,1.5028191627721972,1
795,1.5061064050224002,1
796,1.609077041300369,1
797,1.6670573001667381,1
798,1.6955297133215839,1
799,1.7370081465747373,1
800,1.7796499266443404,1
801,1.8630956613466978,1
802,1.8602636183373344,1
803,1.8646035896346116,1
804,1.917415977738128,1
805,1.960067529944524,1
806,1.9571640123845742,1
807,1.9706187228830438,1
808,1.8630517004880391,1
809,1.8803764977601287,1
810,1.895103544520592,1
811,1.993365572163396,1
812,1.9052991532688934,1
813,1.9464059421507258,1
814,1.9706340552781618,1
815,1.9697044424141243,1
816,1.9141956373588505,1
817,1.9386830181252797,1
818,1.9442441937020905,1
819,1.9662178848988203,1
820,1.9969184570239231,1
821,1.9054807397311166,1
822,1.9104718064439354,1
823,1.9019013877390016,1
824,1.8641634788311359,1
825,1.8632504340964762,1
826,1.9015010990818024,1
827,1.8759252210698183,1
828,1.7700954752702072,1
829,1.7753888964650266,1
830,1.8730955347370912,1
831,1.9097149891677418,1
832,1.8559830935953496,1
833,1.7906300040785565,1
834,1.7246149660262171,1
835,1.7000223070508955,1
836,1.7192957811282221,1
837,1.6747388442642879,1
838,1.6518603140722363,1
839,1.655842416907205,1
840,1.6126873827856623,1
841,1.6762038924033704,1
842,1.6791842053731527,1
843,1.6656544483725644,1
844,1.6382544380975548,1
845,1.631420946286964,1
846,1.690640247969195,1
847,1.6654821107011133,1
848,1.6593407989919742,1
849,1.699318691872757,1
850,1.7302792613932072,1
851,1.7176171968962237,1
852,1.6884373276023976,1
853,1.6295266356210907,1
854,1.6736226966120027,1
855,1.6405904729718015,1
856,1.6633025656712954,1
857,1.612554848919967,1
858,1.6243058818885439,1
859,1.6256656759154977,1
860,1.655996727056823,1
861,1.6485340849826675,1
862,1.6674848354672547,1
863,1.7075857020241059,1
864,1.7791623839487558,1
865,1.7771450968029112,1
866,1.746781462399186,1
867,1.680063334787689,1
868,1.7109309304942555,1
869,1.7408335382941478,1
870,1.6799441361095533,1
871,1.7848328858509845,1
872,1.6884584807273115,1
873,1.7062460889994693,1
874,1.7448279620617766,1
875,1.7365161067247126,1
876,1.7247655928710819,1
877,1.7062857512726184,1
878,1.7405119023870936,1
879,1.7124999715587903,1
880,1.7563340650184027,1
881,1.746847650583237,1
882,1.8346994271890138,1
883,1.8848767331068939,1
884,1.8253587086756735,1
885,1.8055989389459441,1
886,1.8215213010572608,1
887,1.7661523914008115,1
888,1.8225175692399405,1
889,1.779926300870894,1
890,1.852384662405558,1
891,1.8463075120376535,1
892,1.869722701375945,1
893,1.8669823107179986,1
894,1.9201010930589322,1
895,1.968849792498131,1
896,1.942625565737615,1
897,1.98289869156673,1
898,2.040108327476355,-5
899,2.019226460307677,-5
900,1.9572017357858764,-5
901,1.8243724360117213,-5
902,1.813357545889224,-5
903,1.766209937894564,-5
904,1.6965438835705005,-5
905,1.657096109784024,-5
906,1.62422776394646,-5
907,1.5961948161148138,-5
908,1.474107835322924,-5
909,1.3495645947893362,-5
910,1.294525926736223,-5
911,1.2803850873385532,-5
912,1.2179247141651108,-5
913,1.2042707656359715,-5
914,1.1596688186050181,-5
915,1.1304361388743125,-5
916,1.2319888959606904,1
917,1.2821108879289547,1
918,1.325531727476475,1
919,1.309555849118612,1
920,1.2773569724675335,1
921,1.2930741421710417,1
922,1.1881523367860993,1
923,1.2027112744377977,1
924,1.199591330237155,1
925,1.2601636624400285,1
926,1.2376821338102146,1
927,1.2891523998783088,1
928,1.2107094165402492,1
929,1.2787324551738084,1
930,1.355445982587474,1
931,1.314320589056768,1
932,1.3619757571816855,1
933,1.3319690856810242,1
934,1.3294095470737626,1
935,1.3460235460669296,1
936,1.3600717821611341,1
937,1.4024781461931413,1
938,1.3692268467581414,1
939,1.3689647672308956,1
940,1.4321109396759961,1
941,1.3948803656335305,1
942,1.4141344382903904,1
943,1.423898764717618,1
944,1.377648059260087,1
945,1.3302026637914104,1
946,1.3377238409178402,1
947,1.3710211317613883,1
948,1.3642603157479658,1
949,1.313985212398448,1
950,1.310671530817441,1
951,1.2681107886359466,1
952,1.147892980313558,1
953,1.0797374973167644,1
954,1.0773503306957093,1
955,1.1761874386439248,1
956,1.150153528459189,1
957,1.2154461986515845,1
958,1.1898977656128567,1
959,1.2012064071925086,1
960,1.2355229192166122,1
961,1.1723517895875082,1
962,1.227588436826469,1
963,1.2122762751377927,1
964,1.1960292810730104,1
965,1.2244540413807705,1
966,1.2638787587424416,1
967,1.3498452781277026,1
968,1.3834871048942987,1
969,1.4322715559287382,1
970,1.4969012878905543,1
971,1.612667304416415,1
972,1.5984156460320857,1
973,1.6149386622832618,1
974,1.6239418010651836,1
975,1.6439091048363168,1
976,1.6483275843173935,1
977,1.6585811310031522,1
978,1.6725748627891155,1
979,1.6556430311716308,1
980,1.6521970887588417,1
981,1.6045022243670963,1
982,1.6214989710831715,1
983,1.6170315483785629,1
984,1.6594176662812974,1
985,1.7295504777960091,1
986,1.7944448558222492,1
987,1.857500507811368,1
988,1.8408034699486937,1
989,1.8382757047340266,1
990,1.8475795552386445,1
991,1.874841772533449,1
992,1.9003252979564575,1
993,1.8068155339709029,-5
994,1.7595310813956593,-5
995,1.7523475411798402,-5
996,1.7261536125448487,-5
997,1.742356700210647,-5
998,1.617049237589464,-5
999,1.6333642644490223,-5
1000,1.554517083932038,-5
1001,1.4769111733791558,-5
1002,1.452937642028486,-5
1003,1.4358650530725572,-5
1004,1.3823633203064607,-5
1005,1.3296163617217485,-5
1006,1.322433858784019,-5
1007,1.304209538997696,-5
1008,1.163561482728757,-5
1009,1.1166188432384943,-5
1010,1.0809121976288094,-5
1011,1.0487522330819141,-5
1012,1.0604893251325975,-5
1013,1.0479307439465395,-5
1014,1.065857395573094,1
1015,1.1440120440302946,1
1016,1.1422531482099751,1
1017,1.1623578143561657,1
1018,1.1709767129302606,1
1019,1.111747338805031,1
1020,1.0546451546443432,1
1021,1.018721868860455,1
1022,1.0311376874472764,1
1023,1.0620477493430975,1
1024,1.044612096230705,1
1025,1.050820638131799,1
1026,1.064560160959239,1
1027,1.0433149931705088,1
1028,1.0560003876058843,1
1029,1.077007151360687,1
1030,1.073316805822993,1
1031,1.0694072126014367,1
1032,1.1472769602199602,1
1033,1.1477488623040106,1
1034,1.190448198659751,1
1035,1.0954949567193133,1
1036,1.0543984355099052,1
1037,1.0510441790707739,1
1038,0.9280876302629569,1
1039,0.9738410929470954,1
1040,0.922509174237556,1
1041,0.903455566777331,1
1042,0.9999058116172806,1
1043,0.9852044451056067,1
1044,0.9607007820220733,1
1045,0.9901440155211039,1
1046,0.9531910214011736,1
1047,0.9692630791413466,1
1048,0.985327683389471,1
1049,1.0075620321848597,1
1050,1.094504588633129,1
1051,1.0951749935257065,1
1052,1.070799587083039,1
1053,1.0685268444406955,1
1054,1.014529229986462,1
1055,1.0818712816155172,1
1056,1.0317762159498334,1
1057,1.0084608028564321,1
1058,0.9657576981534169,1
1059,0.9905447393030165,1
1060,1.1094619446105645,1
1061,1.1478136925927374,1
1062,1.1500116346824234,1
1063,1.1388032400789139,1
1064,1.241106157669347,1
1065,1.302308524937087,1
1066,1.3620083083625192,1
1067,1.2845059972046893,1
1068,1.2437351252121596,1
1069,1.2104188409111027,1
1070,1.191485497627957,1
1071,1.1664301230743388,1
1072,1.2289422244024777,1
1073,1.255547494100716,1
1074,1.2626360216386197,1
1075,1.2640174912214706,1
1076,1.3206545297164103,1
1077,1.3781134286565935,1
1078,1.4264741420818436,1
1079,1.4372197960666417,-5
1080,1.3726920086650867,-5
1081,1.2872992058145278,-5
1082,1.263401608622473,-5
1083,1.1821302254515273,-5
1084,1.2184863392537124,1
1085,1.2451161366419001,1
1086,1.1778350188899493,1
1087,1.173890952312721,1
1088,1.1597241442756823,1
1089,1.1400333217787033,1
1090,1.115637980226241,1
1091,1.0877913582398309,1
1092,1.0580204783784146,1
1093,1.1208724695441006,1
1094,1.1205359568863789,1
1095,1.0205422355731637,1
1096,1.0415823002206888,1
1097,1.0254783874460134,1
1098,1.0613196893741068,1
1099,1.1540675944622767,1
1100,1.1234295989492686,1
1101,1.1604893509442133,1
1102,1.2677218440033935,1
1103,1.3162695716047,1
1104,1.3820443691579216,1
1105,1.3909114540288274,1
1106,1.4551372647770247,1
1107,1.4080275390110244,1
1108,1.4760604826159114,1
1109,1.5747368504554866,1
1110,1.6457992776635553,1
1111,1.6507610888871422,1
1112,1.618682808207843,1
1113,1.6379353399318657,1
1114,1.6195065415395793,1
1115,1.6126871873857458,1
1116,1.5882211316562975,1
1117,1.5799114887874266,1
1118,1.5474474910341762,1
1119,1.5743209492835781,1
1120,1.5492916124839986,1
1121,1.5400467652383327,1
1122,1.5653107844075096,1
1123,1.5960743465093765,1
1124,1.6526724064450877,1
1125,1.673182814702906,1
1126,1.6903460502077499,1
1127,1.7138357593355968,1
1128,1.7940836909566777,1
1129,1.9482860865123033,1
1130,1.9399713317885217,1
1131,1.9842642476997947,1
1132,1.9526016340270518,1
1133,2.0403069222357417,1
1134,2.061188098229108,1
1135,2.11584161737663,1
1136,2.067358394383187,1
1137,2.0591726806668627,1
1138,2.1172899707585864,1
1139,2.023872311823354,1
1140,2.0660380530786995,1
1141,1.992995571613257,1
1142,1.9598108426077536,1
1143,1.998387410154677,1
1144,2.0554669767454787,1
1145,2.013363040763412,1
1146,2.014536932417573,1
1147,2.004339417857332,1
1148,1.9782840489329663,1
1149,1.9201597883527042,1
1150,1.9347571274007036,1
1151,1.9086434688259086,1
1152,1.9005859550754511,1
1153,1.9099714264944778,1
1154,1.8546236306404371,1
1155,1.918880640226551,1
1156,1.8928080080850287,1
1157,1.8556104778139022,1
1158,1.8966131802503605,1
1159,1.8711657239323898,1
1160,1.8986910308115752,1
1161,1.8731990273482766,1
1162,1.9161105920797548,1
1163,1.9620408341805913,1
1164,1.9220711721127703,1
1165,1.8775413850958982,1
1166,1.7802938863108153,1
1167,1.80742592503937,1
1168,1.7552941382152643,1
1169,1.7871039190521516,1
1170,1.7287126726907267,1
1171,1.7812319793066234,1
1172,1.8360634522857386,-5
1173,1.71552989479132,1
1174,1.6929895479657504,1
1175,1.785423710405378,1
1176,1.835704582139455,1
1177,1.8825836141685477,1
1178,1.9617884691009961,1
1179,1.9905919025617769,1
1180,1.9537485050635275,1
1181,1.9472275958723861,1
1182,1.952342506552771,1
1183,1.9228978728950283,1
1184,1.9765244214753892,1
1185,1.9050731638209422,1
1186,1.9143896007322916,1
1187,1.9759275803404237,1
1188,1.9869115884440156,1
1189,2.037843142510641,1
1190,2.0637765224182805,1
1191,2.1059141945139634,1
1192,2.1201772871643616,1
1193,2.168737699502293,1
1194,2.1711564951929625,1
1195,2.126183584061291,1
1196,2.1673076896160763,1
1197,2.2118100077071956,1
1198,2.1539349017420943,1
1199,2.1877923494784146,1
1200,2.1234648091592905,1
1201,2.132728304161211,1
1202,2.1809407368403946,1
1203,2.1873789692809216,1
1204,2.17027280976588,1
1205,2.1704374745632276,1
1206,2.1811335752405268,1
1207,2.162740803787082,1
1208,2.199756125312121,1
1209,2.2555465201710994,1
1210,2.3029435295142107,1
1211,2.303826802917745,1
1212,2.3069622818812077,1
1213,2.370297316197928,1
1214,2.454137744328995,1
1215,2.450488799883128,1
1216,2.375461713464398,1
1217,2.376066407276069,1
1218,2.380494338873625,1
1219,2.346510361552286,1
1220,2.3456996428527725,1
1221,2.3587532536662374,1
1222,2.29492007866874,1
1223,2.308463239409366,1
1224,2.379830888585851,1
1225,2.4821472086564564,1
1226,2.501488100500748,1
1227,2.5559873551725745,1
1228,2.5638023895921456,1
1229,2.570084255993458,1
1230,2.5608418721940867,1
1231,2.620027293885663,1
1232,2.6308635256651867,1
1233,2.7168955726585895,1
1234,2.7267388755408994,1
1235,2.7040917511494906,1
1236,2.708879792403338,1
1237,2.7871795784002713,1
1238,2.8773588938760493,1
1239,2.883176788322682,1
1240,2.889299126485891,1
1241,2.9204242562938756,1
1242,2.9668842149389167,1
1243,2.9780337115016393,1
1244,2.969597916558405,1
1245,2.9656988899491976,1
1246,2.988848364087694,1
1247,3.0295398000758547,1
1248,2.9566937926606505,1
1249,2.9713912326366856,1
1250,2.9433117690632735,1
1251,2.9532860800234673,1
1252,2.9463501863165864,1
1253,3.0093465528874725,1
1254,3.0359903216763544,1
1255,3.030788292007182,1
1256,3.04789305468215,1
1257,2.9969024499487764,1
1258,2.959018593624856,-5
1259,2.91209782342978,-5
1260,2.840701234536362,-5
1261,2.7694206481573986,-5
1262,2.6913690299802657,-5
1263,2.648441638662767,-5
1264,2.5977792166959155,-5
1265,2.5133576791948564,-5
1266,2.519103168826418,-5
1267,2.386216860920466,-5
1268,2.3633137062102736,-5
1269,2.309757801668559,-5
1270,2.220714274872445,-5
1271,2.136825823144059,-5
1272,2.0721874984665463,-5
1273,2.0329437261895373,-5
1274,2.012807515268179,-5
1275,1.8739423775330746,-5
1276,1.8414263485698714,-5
1277,1.789775360449332,-5
1278,1.7293396023626517,-5
1279,1.6380979644366909,-5
1280,1.5745191559156786,-5
1281,1.4919714296792326,-5
1282,1.4583386419788258,-5
1283,1.4114437906007304,-5
1284,1.2664403852092485,-5
1285,1.1922958867982683,-5
1286,1.1895468582054318,-5
1287,1.1449057707546217,-5
1288,1.1319088507253754,-5
1289,0.9572763165639044,-5
1290,0.8435399305924995,-5
1291,0.8279852058034275,-5
1292,0.8034205609206515,-5
1293,0.7323014792627245,-5
1294,0.6366396605496834,-5
1295,0.568633709331355,-5
1296,0.5917190021692227,-5
1297,0.5497108722253481,-5
1298,0.5164281871572493,-5
1299,0.4434402205908429,-5
1300,0.36036720637247077,-5
1301,0.3083833261373656,1
1302,0.2870330358959759,1
1303,0.26444587163226946,1
1304,0.23817214442333304,1
1305,0.20768441752208042,1
1306,0.2486401941000633,1
1307,0.29341250152098763,1
1308,0.29639190684493805,1
1309,0.29775264891809883,1
1310,0.281053008071842,1
1311,0.341113891500606,1
1312,0.3484372881879316,1
1313,0.3139685705235423,1
1314,0.31299071667179285,1
1315,0.3227552902759285,1
1316,0.367004131259269,1
1317,0.3449114382461454,1
1318,0.338129869290788,1
1319,0.2899433005077391,1
1320,0.28971931277288643,1
1321,0.2971421555481473,1
1322,0.24482564993705636,1
1323,0.2789485633263074,1
1324,0.24599550256355623,1
1325,0.34122869497465436,1
1326,0.40188931412793094,1
1327,0.45164062508747627,1
1328,0.4626843971625955,1
1329,0.5490020312664864,1
1330,0.546865401169381,1
1331,0.5958253583662771,1
1332,0.6122714505932068,1
1333,0.5544077166655533,1
1334,0.5732351320296233,1
1335,0.5821965827731309,1
1336,0.6065286540823662,1
1337,0.692848231564049,1
1338,0.7344056479593346,1
1339,0.769934537700949,1
1340,0.8121771790291532,1
1341,0.7917964219148834,1
1342,0.7940880257140026,1
1343,0.844968296346355,1
1344,0.83721299993931,1
1345,0.8675046436591181,1
1346,0.9006290036890632,1
1347,0.8896902398737033,1
1348,0.9269018021815514,1
1349,0.9256792516507578,1
1350,0.9384826977485548,1
1351,0.93598455800914,1
1352,0.9368889089095067,1
1353,0.8889723836803282,1
1354,0.9625118209603981,1
1355,0.9997105293629132,1
1356,0.9691215185488626,1
1357,0.9466397436905488,1
1358,0.9066509072733281,1
1359,0.9757651671339374,1
1360,0.9947851059031719,1
1361,1.0152865185530577,1
1362,0.9792695273262418,1
1363,0.9213764370121954,1
1364,0.8976592935873964,1
1365,1.001431088543207,1
1366,1.060071863395075,1
1367,1.0680981482615586,1
1368,1.0448633354821621,1
1369,1.081895576117258,1
1370,1.0916305448313324,1
1371,1.0988749688870807,1
1372,1.1142162643752087,1
1373,1.1149323897138843,1
1374,1.0492751586496314,1
1375,1.0712013186855778,1
1376,1.118000020487999,1
1377,1.1259346942568362,1
1378,1.1843330553883489,1
1379,1.2790616327028097,1
1380,1.237477938639716,1
1381,1.262540623913552,1
1382,1.2117266234575474,1
1383,1.2927717297407078,1
1384,1.2553869561912092,1
1385,1.2140249099687783,1
1386,1.132324002952327,1
1387,1.1167705458445039,1
1388,1.0808666774169127,1
1389,1.173974002000368,1
1390,1.1476124388704747,1
1391,1.1608147938344544,1
1392,1.233534442414668,1
1393,1.2197665668988766,1
1394,1.1303335700056678,1
1395,1.162809337765642,1
1396,1.2489054673985354,1
1397,1.3473128587471048,1
1398,1.3575967927590833,1
1399,1.442623440915586,1
1400,1.4754999780232647,1
1401,1.4734227755254412,1
1402,1.5094282483974821,1
1403,1.5723641702462245,1
1404,1.5515782429035165,1
1405,1.5558106504281257,1
1406,1.6053123521554304,1
1407,1.709141762408796,1
1408,1.6865408427228095,1
1409,1.6806617287797776,1
1410,1.623658752925338,1
1411,1.6505816723754019,1
1412,1.6825098366421054,1
1413,1.6925352992850038,1
1414,1.7442782067325464,1
1415,1.8660274696922077,1
1416,1.893107644713394,1
1417,1.9727927080387648,1
1418,1.9531306056059765,1
1419,1.9999213831869456,1
1420,1.9585907250051915,1
1421,1.958207024057362,1
1422,1.9476617606246365,1
1423,2.0363918802118084,1
1424,2.046499308005601,1
1425,2.043941062869964,1
1426,2.1269294544417328,1
1427,2.120581102392834,1
1428,2.07485814855384,1
1429,2.080000050982312,1
1430,2.0959893555167315,1
1431,2.1723027228610414,1
1432,2.1477928715035777,1
1433,2.187168522013094,1
1434,2.162126274275221,1
1435,2.145540894987936,1
1436,2.2126155270133534,1
1437,2.182944851648502,1
1438,2.2847834104791835,1
1439,2.2700953956102237,1
1440,2.260907966736792,1
1441,2.282889755424707,1
1442,2.2643980386082103,1
1443,2.289327120813877,1
1444,2.2789438737381986,1
1445,2.218901112304303,1
1446,2.243248894272935,1
1447,2.2558152854429743,1
1448,2.2385050608393837,1
1449,2.351738093706725,1
1450,2.331133537768226,1
1451,2.323120332072386,1
1452,2.2876208614323303,1
1453,2.304078815172029,1
1454,2.3337933332486065,1
1455,2.3440539536395293,1
1456,2.382208322819028,1
1457,2.4091809546802105,1
1458,2.4315034094251717,1
1459,2.392572260501058,1
1460,2.4281247349588244,1
1461,2.4576923279536866,1
1462,2.4673009051235706,1
1463,2.5146984440955915,1
1464,2.490359196946622,1
1465,2.466578121088257,1
1466,2.4966739956390605,1
1467,2.500698204226438,1
1468,2.468950764500767,1
1469,2.5213955143595,1
1470,2.6210799067336925,1
1471,2.58914486333874,1
1472,2.619404587682624,1
1473,2.6582416778647597,1
1474,2.7216622810319424,1
1475,2.7655399398125087,1
1476,2.8762289088371897,1
1477,2.8475381967232978,1
1478,2.8352802453958037,1
1479,2.844458252431019,1
1480,2.8780303530568307,1
1481,2.82111460212522,1
1482,2.8481436529110957,1
1483,2.818313059090214,1
1484,2.821611595793029,1
1485,2.8911544417245127,1
1486,2.9728481882730993,1
1487,3.011601195865868,1
1488,3.021943790747687,1
1489,3.0245962877581816,1
1490,3.0482809561192634,1
1491,3.0658473498819623,1
1492,3.055754050681514,1
1493,3.038080512513182,1
1494,3.0595797619761753,1
1495,3.108169258601684,1
1496,3.1707962118561555,1
1497,3.243208085560326,1
1498,3.265683839984221,1
1499,3.2971551340544387,1
1500,3.3677456829994026,1
1501,3.396043992840492,1
1502,3.4544627700345765,1
1503,3.3995064631588403,1
1504,3.40186004587805,1
1505,3.3993156061190315,1
1506,3.4005460414245627,1
1507,3.4305551427267686,1
1508,3.4219744805688035,1
1509,3.445622604147349,1
1510,3.4602295746444893,1
1511,3.506321613934165,1
1512,3.506998004213317,1
1513,3.5614497367988327,1
1514,3.6123983464545857,1
1515,3.5772236221860885,1
1516,3.5967116014426708,1
1517,3.615777572301307,1
1518,3.685335727137399,1
1519,3.708034169230773,-5
1520,3.62727173772031,-5
1521,3.605510921143847,-5
1522,3.535505805768915,-5
1523,3.5105244428727187,-5
1524,3.4350303333186623,-5
1525,3.3469757437972287,-5
1526,3.338323721350579,-5
1527,3.2391774996357334,-5
1528,3.1557785502883386,-5
1529,3.0346702960639154,-5
1530,2.948304707302044,-5
1531,2.7618843830301527,-5
1532,2.71026099503051,-5
1533,2.670960090924389,-5
1534,2.5674541629200824,-5
1535,2.4868691961123734,1
1536,2.5009207216511626,1
1537,2.417840110994938,1
1538,2.4200238081757295,1
1539,2.541376811458181,1
1540,2.572202379386246,1
1541,2.5956169529970796,1
1542,2.612935340825879,1
1543,2.5768959728445058,1
1544,2.533064275320937,1
1545,2.5352219185718896,1
1546,2.640898890081799,1
1547,2.6731290721138,1
1548,2.795620389285298,1
1549,2.8182054169410997,1
1550,2.7941677499369844,1
1551,2.8591411173182597,1
1552,2.8637331678742677,1
1553,2.861214148203938,1
1554,2.9018957313456895,1
1555,2.9682118794715358,1
1556,2.965123354090218,1
1557,2.9141476094117413,1
1558,2.935590319993507,1
1559,3.0191220309341187,1
1560,2.951535609651656,1
1561,2.9985502615486292,1
1562,2.999368035592638,1
1563,3.0974522636746307,1
1564,3.106418260070447,1
1565,3.156295091168103,1
1566,3.106568355922126,1
1567,3.1080929128903865,1
1568,3.0800928524389537,1
1569,3.1282302095982746,1
1570,3.101799763915309,1
1571,2.9802028055907925,1
1572,2.890339784537384,1
1573,2.8537720212717526,1
1574,2.949551203533401,1
1575,2.961471347424507,1
1576,3.0816391009718735,1
1577,3.039095146697932,1
1578,3.069078836648621,1
1579,3.109812149175655,1
1580,3.0930217458056726,1
1581,3.1703168202810956,1
1582,3.1785953223292474,1
1583,3.318720159243866,1
1584,3.3377262867336066,1
1585,3.341166900067719,1
1586,3.3494753628861043,1
1587,3.409443132225365,1
1588,3.392056813308379,1
1589,3.425475690757299,1
1590,3.502712454514009,1
1591,3.536378167833896,1
1592,3.641087146949646,1
1593,3.6469067343344426,1
1594,3.601197227411628,1
1595,3.6315515399947955,1
1596,3.6311653285983616,1
1597,3.698457546410705,1
1598,3.6505176982590966,1
1599,3.6420919054688063,1
1600,3.648344702573742,1
1601,3.698318577560737,1
1602,3.760242239622818,1
1603,3.8007487364823627,1
1604,3.8445694012349128,1
1605,3.9043906791018363,1
1606,3.9826581764794526,1
1607,3.997334793242091,1
1608,4.024427073603388,1
1609,4.101876694368384,1
1610,4.11517897477694,1
1611,4.10797120603075,1
1612,4.183695820376444,1
1613,4.19022834198276,1
1614,4.213093978934791,1
1615,4.176826466961966,1
1616,4.188119650736453,1
1617,4.266974800626923,1
1618,4.353244643622092,1
1619,4.341034551851005,1
1620,4.354847630845484,1
1621,4.487545969021069,1
1622,4.488287180239764,1
1623,4.408456643039163,1
1624,4.457009829204587,1
1625,4.5167982548487,1
1626,4.482975458992782,1
1627,4.448383619032463,1
1628,4.383583216017434,1
1629,4.42109367700979,1
1630,4.411325831226091,1
1631,4.428084412184876,1
1632,4.421579552872071,1
1633,4.431298282927739,1
1634,4.419829487548499,1
1635,4.427118679911179,1
1636,4.441855279343386,1
1637,4.517786354584741,1
1638,4.553071280139694,1
1639,4.574241044854612,1
1640,4.536219593163295,1
1641,4.514596797261499,1
1642,4.464223509547828,1
1643,4.586658210856752,1
1644,4.469363337933049,1
1645,4.515797534608067,1
1646,4.5519960068396585,1
1647,4.586834011122631,1
1648,4.67957110034236,1
1649,4.633672944332534,1
1650,4.577616675895821,1
1651,4.550615152447517,1
1652,4.509396808735818,1
1653,4.504856621029722,1
1654,4.497303406795096,1
1655,4.479787793313723,1
1656,4.515754471397953,1
1657,4.530332427608017,1
1658,4.558688501272347,1
1659,4.658277775745457,-5
1660,4.603782175066628,-5
1661,4.578327166353291,-5
1662,4.427896285965633,-5
1663,4.39067507818708,-5
1664,4.326615941541069,-5
1665,4.339442637019265,-5
1666,4.230459507889722,-5
1667,4.223818192960517,-5
1668,4.1810664250739755,-5
1669,4.133221632824634,-5
1670,4.002839514292736,-5
1671,3.946214379590275,-5
1672,3.915524016848353,-5
1673,3.8028428676082613,-5
1674,3.8015036665165898,-5
1675,3.7851864343667394,-5
1676,3.658061432514455,-5
1677,3.623803912954499,-5
1678,3.6513544762677026,-5
1679,3.55373174482224,-5
1680,3.4635291081692925,-5
1681,3.4373121181557096,-5
1682,3.382676529931064,-5
1683,3.352893745477787,-5
1684,3.290278362265997,-5
1685,3.2639542732241926,-5
1686,3.1854997456769047,-5
1687,3.051810622356152,-5
1688,2.9349585276944774,-5
1689,2.9341072884908264,-5
1690,2.871631917308931,-5
1691,2.774523074543681,-5
1692,2.7397293893207584,-5
1693,2.6835780368316886,-5
1694,2.6454435182861458,-5
1695,2.5599520538729608,-5
1696,2.45526043354498,-5
1697,2.4109598485215846,-5
1698,2.351429411186662,-5
1699,2.284640037226132,-5
1700,2.2170735883296784,-5
1701,2.166238997313617,-5
1702,2.1110596675513325,-5
1703,2.085291752224489,-5
1704,2.080371968983573,-5
1705,2.0321479062483685,-5
1706,1.9926488262880404,-5
1707,1.974991768387109,-5
1708,1.9470355234868666,-5
1709,1.8499115023769641,-5
1710,1.8714710929252276,-5
1711,1.894333754623829,-5
1712,1.7710420918993541,-5
1713,1.6424727019546692,-5
1714,1.5941045887591034,-5
1715,1.530782848294377,-5
1716,1.5488457166214933,-5
1717,1.4887366648594942,-5
1718,1.4532159021771047,-5
1719,1.4121996555465781,-5
1720,1.404509984992697,-5
1721,1.318583429538295,-5
1722,1.280384518953114,-5
1723,1.2783545627781752,-5
1724,1.2642265168230093,-5
1725,1.2395051356182625,-5
1726,1.2062314772820861,-5
1727,1.1143047253118004,1
1728,1.0566640936228526,1
1729,1.0754823949504058,1
1730,1.1148355093844051,1
1731,1.0658716986446266,1
1732,1.0426057826071633,1
1733,1.094174223044776,1
1734,1.1267186046288167,1
1735,1.1115285128543864,1
1736,1.2115741042927473,1
1737,1.2814417631564867,1
1738,1.2853446597916416,1
1739,1.229380666478003,1
1740,1.249864697609421,1
1741,1.3280294201361684,1
1742,1.3453589791906932,1
1743,1.3036231952603565,1
1744,1.377442774680018,1
1745,1.3398118706795765,1
1746,1.3681448193246604,1
1747,1.2859461338164468,1
1748,1.2464922598585948,1
1749,1.2633537891140343,1
1750,1.259724646319216,1
1751,1.287073539344271,1
1752,1.3188189746403647,1
1753,1.4059247128985584,1
1754,1.4517620832864886,1
1755,1.388195492295025,1
1756,1.409316924510264,1
1757,1.4536589024069932,1
1758,1.4403517213297337,1
1759,1.4786142276725847,1
1760,1.4975360474006039,1
1761,1.5476542504223656,1
1762,1.5949481640574004,1
1763,1.641892604295765,1
1764,1.5988566313366663,1
1765,1.5688607222401205,1
1766,1.5873314035499397,1
1767,1.5836354955439653,1
1768,1.683980641208518,1
1769,1.7220966904895656,1
1770,1.7888727676222014,1
1771,1.762284266640922,1
1772,1.7662328096225068,1
1773,1.7646908286261254,1
1774,1.7495820746229875,1
1775,1.7715039146365983,1
1776,1.8154017465166357,1
1777,1.8356240211676123,1
1778,1.8602523706753993,1
1779,1.8309602783952121,1
1780,1.7732841200612797,1
1781,1.8214006134292424,1
1782,1.8691765238528006,1
1783,1.8664836826422349,1
1784,1.853968283012136,1
1785,1.8697598956657848,1
1786,1.8745977196925376,1
1787,1.8668077059097532,1
1788,1.86136814299351,1
1789,1.876372547336361,1
1790,1.8844593761757182,1
1791,1.8361104282274694,1
1792,1.8626961419700157,1
1793,1.83331668882903,1
1794,1.8550104154218576,1
1795,1.8004605502714526,1
1796,1.7891873367701825,1
1797,1.8474876458930856,1
1798,1.8887844814435861,1
1799,1.8803145485083506,1
1800,1.8910224422439668,1
1801,1.8521906107140242,1
1802,1.8576497914411045,1
1803,1.8940905989878107,1
1804,1.9651558576206434,1
1805,2.007027681989823,1
1806,2.0670415843595227,1
1807,2.114884149907599,1
1808,2.145665355684506,1
1809,2.1545274963127756,1
1810,2.1438802956895233,1
1811,2.0836840273534265,1
1812,2.0421878902826727,1
1813,2.080916796889309,1
1814,2.1695703958378654,1
1815,2.1753565201742955,1
1816,2.1653567663167155,1
1817,2.1763002459790095,1
1818,2.186106340258327,1
1819,2.1866632483203525,1
1820,2.230017319812083,1
1821,2.1946637068167125,1
1822,2.213389200775013,1
1823,2.2284719847692163,1
1824,2.3097897905903846,1
1825,2.341739669140845,1
1826,2.3608478981125605,1
1827,2.4681045775491617,1
1828,2.502558177450423,1
1829,2.5684912207242934,1
1830,2.5922651647465282,1
1831,2.5893270952067935,1
1832,2.565283078614719,1
1833,2.5559230750751105,-5
1834,2.549453461337652,-5
1835,2.39854786110628,-5
1836,2.3645049170299695,-5
1837,2.2985011273486484,-5
1838,2.2066067267076854,-5
1839,2.117267091533272,-5
1840,2.0816070389483237,-5
1841,2.1087503237601286,-5
1842,2.1737510032393255,-5
1843,2.128397527098079,1
1844,2.133351664542706,1
1845,2.149616114281621,1
1846,2.11926489062088,1
1847,2.1086365539412046,1
1848,2.0605373534132276,1
1849,1.9614777916194375,1
1850,1.971141222289092,1
1851,2.0540667446405543,1
1852,2.028651308449535,1
1853,2.0791530657006807,1
1854,2.0591784531944697,1
1855,2.032312573313558,1
1856,2.0532851017003195,1
1857,2.1142838612986576,1
1858,2.147030524843734,1
1859,2.1864085876290273,1
1860,2.145197442546218,1
1861,2.184994748241105,1
1862,2.2372027765423894,1
1863,2.2353621919512587,1
1864,2.2731555746917294,1
1865,2.316985931566814,1
1866,2.216821999775632,1
1867,2.1749831217192694,1
1868,2.1669713845556733,-5
1869,2.1048020631667668,-5
1870,2.0563943310918837,-5
1871,2.0522197906953537,-5
1872,2.067623648482988,-5
1873,2.032045690562681,-5
1874,1.9400567334770646,-5
1875,1.9521460099867698,-5
1876,1.8165449474039037,-5
1877,1.7756819101413286,-5
1878,1.6888718986964806,-5
1879,1.6905245637663784,-5
1880,1.6690903498338552,-5
1881,1.5966340446980756,-5
1882,1.5165123752350484,-5
1883,1.4834986952011817,-5
1884,1.3835203841881636,-5
1885,1.4208895987905197,-5
1886,1.380615046399026,-5
1887,1.3256202638102017,-5
1888,1.2878002343312511,-5
1889,1.1874564454834744,-5
1890,1.1928900126779098,-5
1891,1.1626337801439794,1
1892,1.209867482247566,1
1893,1.2891773610164305,1
1894,1.398479373710186,1
1895,1.3406300090737502,1
1896,1.4076410862536968,1
1897,1.4052096989069192,1
1898,1.3596890373108248,1
1899,1.3516940194279972,1
1900,1.3848032345976709,1
1901,1.4671951083601693,1
1902,1.4755783605473793,1
1903,1.4214805783697153,1
1904,1.4880661215776263,1
1905,1.4543911262585796,1
1906,1.480582157385109,1
1907,1.537373227946676,1
1908,1.5780576353159146,1
1909,1.5899558070097384,1
1910,1.7009007211988671,1
1911,1.772287527321559,1
1912,1.813901300505614,1
1913,1.7987920320410251,1
1914,1.799551061694221,1
1915,1.836403177052862,-5
1916,1.835273234729941,-5
1917,1.8062022768681787,-5
1918,1.6906194249855937,-5
1919,1.6805166539926495,-5
1920,1.675130637377064,-5
1921,1.6572192740925782,-5
1922,1.5997493358863912,-5
1923,1.5814780398385015,-5
1924,1.5596726143223387,-5
1925,1.532926494105775,-5
1926,1.4394821787104284,1
1927,1.5075547373510672,1
1928,1.5520382208576353,1
1929,1.5413003273573656,1
1930,1.4699779937359034,1
1931,1.4602778961460152,1
1932,1.419772478899956,1
1933,1.4514288479167996,1
1934,1.522691613526645,1
1935,1.5935631028994157,1
1936,1.5632859935020451,1
1937,1.569879515780022,1
1938,1.5367637123695723,1
1939,1.5994749846035665,1
1940,1.5804463445248145,1
1941,1.6532787060818814,1
1942,1.7073636303067505,1
1943,1.6760305971865939,1
1944,1.6505841744810585,1
1945,1.7166647664482184,1
1946,1.75240904532308,1
1947,1.8108518752881235,1
1948,1.813116960761594,1
1949,1.8298518968148358,1
1950,1.8294052275757142,1
1951,1.9159117446840226,1
1952,1.8572062578159267,1
1953,1.889949680815051,1
1954,1.9113764929212853,1
1955,1.8218432754943914,1
1956,1.7823522258968258,1
1957,1.7401999041465452,1
1958,1.7894684525790994,1
1959,1.793728201599158,1
1960,1.755800787092841,1
1961,1.730711713685885,1
1962,1.7126651311185355,1
1963,1.7923808131464767,1
1964,1.803843897504272,1
1965,1.7301639375226388,1
1966,1.7855327658533684,1
1967,1.8148385896684707,1
1968,1.7583938209744467,1
1969,1.6744766755122755,1
1970,1.682340576801921,1
1971,1.732012076746426,1
1972,1.7601531447382932,1
1973,1.663705126233311,1
1974,1.6963418312875755,1
1975,1.697767232112219,1
1976,1.729337069348999,1
1977,1.7179279546913386,1
1978,1.7523539501859267,1
1979,1.864061397194486,1
1980,1.8103713960072914,1
1981,1.8434257999133152,1
1982,1.8691514761933203,1
1983,1.9029743474349028,1
1984,1.8846546724426216,1
1985,1.9039298843255854,1
1986,1.8814668216110946,1
1987,1.8685901861863132,1
1988,1.8122631482598577,1
1989,1.9240004381097529,1
1990,1.9318531226929567,1
1991,1.91451727072246,1
1992,1.9087281449113547,1
1993,1.9281881134394725,1
1994,1.9394790941124922,1
1995,1.9738908338018342,1
1996,2.0655687222490293,1
1997,2.1310063366095355,1
1998,2.1431609072175326,1
1999,2.1521975646617886,1
2000,2.1895658305567607,1
